{
  "twits": [
    {
      "sender": {
        "name": "Samsung",
        "id": "@samsung",
        "img": "/images/samsung.png"
      },
      "text": "بهترین وعده غذایی با اختلاف زیاد صبحانست چون ممکن نیست برای #صبحانه کسی خورشت #کرفس درست کنه!",
      "likes": "25"
    },
    {
      "sender": {
        "name": "سیامک کوه دره",
        "id": "@koooooh",
        "img": "/images/koooh_user.png"
      },
      "text": "بهترین وعده غذایی با اختلاف زیاد صبحانست چون ممکن نیست برای #صبحانه کسی خورشت #کرفس درست کنه!",
      "likes": "25"
    },
    {
      "sender": {
        "name": "Samsung",
        "id": "@samsung",
        "img": "/images/samsung.png"
      },
      "text": "بهترین وعده غذایی با اختلاف زیاد صبحانست چون ممکن نیست برای #صبحانه کسی خورشت #کرفس درست کنه!",
      "likes": "25"
    },
    {
      "sender": {
        "name": "سیامک کوه دره",
        "id": "@koooooh",
        "img": "/images/koooh_user.png"
      },
      "text": "بهترین وعده غذایی با اختلاف زیاد صبحانست چون ممکن نیست برای #صبحانه کسی خورشت #کرفس درست کنه!",
      "likes": "25"
    },
    {
      "sender": {
        "name": "Samsung",
        "id": "@samsung",
        "img": "/images/samsung.png"
      },
      "text": "بهترین وعده غذایی با اختلاف زیاد صبحانست چون ممکن نیست برای #صبحانه کسی خورشت #کرفس درست کنه!",
      "likes": "25"
    },
    {
      "sender": {
        "name": "سیامک کوه دره",
        "id": "@koooooh",
        "img": "/images/koooh_user.png"
      },
      "text": "بهترین وعده غذایی با اختلاف زیاد صبحانست چون ممکن نیست برای #صبحانه کسی خورشت #کرفس درست کنه!",
      "likes": "25"
    },
    {
      "sender": {
        "name": "Samsung",
        "id": "@samsung",
        "img": "/images/samsung.png"
      },
      "text": "بهترین وعده غذایی با اختلاف زیاد صبحانست چون ممکن نیست برای #صبحانه کسی خورشت #کرفس درست کنه!",
      "likes": "25"
    },
    {
      "sender": {
        "name": "سیامک کوه دره",
        "id": "@koooooh",
        "img": "/images/koooh_user.png"
      },
      "text": "بهترین وعده غذایی با اختلاف زیاد صبحانست چون ممکن نیست برای #صبحانه کسی خورشت #کرفس درست کنه!",
      "likes": "25"
    },
    {
      "id": 560,
      "sender": {
        "name": "eli",
        "id": "@eli_sa",
        "img": "/images/samsung.png"
      },
      "text": "دوره یادگیری #ری_اکت",
      "likes": "9"
    },
    {
      "id": 224,
      "sender": {
        "name": "eli",
        "id": "@eli_sa",
        "img": "/images/samsung.png"
      },
      "text": "توییت جدید با ساختار جدید ماژولار",
      "likes": "9"
    }
  ],
  "hashTags": [
    "پرچم_دار_جدید",
    "کرونا_ویروس",
    "سامسونگ",
    "هلو_سامر",
    "پرچم_دار_جدید",
    "کرونا_ویروس",
    "سامسونگ",
    "هلو_سامر"
  ],
  "users": [
    {
      "name": "Xiaomi",
      "id": "@Xiaomi",
      "img": "/images/xiaomi.png"
    },
    {
      "name": "Samsung",
      "id": "@samsung",
      "img": "/images/samsung.png"
    },
    {
      "name": "بیل گیتس",
      "id": "@BilGates",
      "img": "/images/bil.png"
    },
    {
      "name": "مایک بای",
      "id": "@Mike_IMC",
      "img": "/images/mike.png"
    },
    {
      "name": "شرلی ونگ!",
      "id": "@Shirley_IMC",
      "img": "/images/shily.png"
    }
  ]
}